username,email,password,is_admin
pomersum,pomersum@example.com,abc123,False
anna_hoanggggg,anna_hoanggggg@example.com,abc123,False
thanhgianghoang_,thanhgianghoang_@example.com,abc123,False
nn2502_,nn2502_@example.com,abc123,False
vutran1087,vutran1087@example.com,abc123,False
hoai.hip0310,hoai.hip0310@example.com,abc123,False
jia_smiles,jia_smiles@example.com,abc123,False
nghihechua.hen,nghihechua.hen@example.com,abc123,False
ienb_,ienb_@example.com,abc123,False
embelem._,embelem._@example.com,abc123,False
thao_pg21,thao_pg21@example.com,abc123,False
duc.anh.pham,duc.anh.pham@example.com,abc123,False
ngxz.sfwg,ngxz.sfwg@example.com,abc123,False
justfinn1106,justfinn1106@example.com,abc123,False
dangthu222,dangthu222@example.com,abc123,False
tiao__vie,tiao__vie@example.com,abc123,False
_.hien.luong._,_.hien.luong._@example.com,abc123,False
cabuonnguu,cabuonnguu@example.com,abc123,False
uyntr_,uyntr_@example.com,abc123,False
ohoho0_0,ohoho0_0@example.com,abc123,False
trangchip19,trangchip19@example.com,abc123,False
phaminhu,phaminhu@example.com,abc123,False
lyhieudu,lyhieudu@example.com,abc123,False
_vanhnk,_vanhnk@example.com,abc123,False
vvkhverse,vvkhverse@example.com,abc123,False
_natagata_,_natagata_@example.com,abc123,False
vexbixy,vexbixy@example.com,abc123,False
678chinn,678chinn@example.com,abc123,False
vit4mean,vit4mean@example.com,abc123,False
haffxuf,haffxuf@example.com,abc123,False
qh.haoo,qh.haoo@example.com,abc123,False
